{"indices": [1, 7, 0, 0, 7, 6, 2, 8, 1, 1, 8, 7, 2, 3, 8, 8, 3, 9, 3, 4, 9, 9, 4, 10, 4, 5, 10, 10, 5, 11, 7, 13, 6, 6, 13, 12, 8, 14, 7, 7, 14, 13, 8, 9, 14, 14, 9, 15, 9, 10, 15, 15, 10, 16, 10, 11, 16, 16, 11, 17, 12, 13, 18, 18, 13, 19, 13, 14, 19, 19, 14, 20, 14, 15, 20, 20, 15, 21, 15, 16, 21, 21, 16, 22, 16, 17, 22, 22, 17, 23, 18, 19, 24, 24, 19, 25, 19, 20, 25, 25, 20, 26, 20, 21, 26, 26, 21, 27, 22, 28, 21, 21, 28, 27, 23, 29, 22, 22, 29, 28, 24, 25, 30, 30, 25, 31, 25, 26, 31, 31, 26, 32, 26, 27, 32, 32, 27, 33, 28, 34, 27, 27, 34, 33, 29, 35, 28, 28, 35, 34, 30, 31, 36, 36, 31, 37, 31, 32, 37, 37, 32, 38, 32, 33, 38, 38, 33, 39, 33, 34, 39, 39, 34, 40, 34, 35, 40, 40, 35, 41, 36, 37, 42, 42, 37, 43, 37, 38, 43, 43, 38, 44, 38, 39, 44, 44, 39, 45, 39, 40, 45, 45, 40, 46, 40, 41, 46, 46, 41, 47, 42, 43, 48, 48, 43, 49, 43, 44, 49, 49, 44, 50, 44, 45, 50, 50, 45, 51, 45, 46, 51, 51, 46, 52, 46, 47, 52, 52, 47, 53, 48, 49, 54, 54, 49, 55, 49, 50, 55, 55, 50, 56, 50, 51, 56, 56, 51, 57, 51, 52, 57, 57, 52, 58, 52, 53, 58, 58, 53, 59, 54, 55, 60, 60, 55, 61, 55, 56, 61, 61, 56, 62, 56, 57, 62, 62, 57, 63, 57, 58, 63, 63, 58, 64, 58, 59, 64, 64, 59, 65, 60, 61, 66, 66, 61, 67, 61, 62, 67, 67, 62, 68, 62, 63, 68, 68, 63, 69, 63, 64, 69, 69, 64, 70, 64, 65, 70, 70, 65, 71, 66, 67, 0, 0, 67, 1, 67, 68, 1, 1, 68, 2, 68, 69, 2, 2, 69, 3, 69, 70, 3, 3, 70, 4, 70, 71, 4, 4, 71, 5, 5, 71, 11, 11, 71, 65, 11, 65, 17, 17, 65, 59, 17, 59, 23, 23, 59, 53, 23, 53, 29, 29, 53, 47, 29, 47, 35, 35, 47, 41, 66, 0, 60, 60, 0, 6, 60, 6, 54, 54, 6, 12, 54, 12, 48, 48, 12, 18, 48, 18, 42, 42, 18, 24, 42, 24, 36, 36, 24, 30], "uvs": [0.375, 0.0, 0.42500001192092896, 0.0, 0.4750000238418579, 0.0, 0.5250000357627869, 0.0, 0.5750000476837158, 0.0, 0.6250000596046448, 0.0, 0.375, 0.05000000074505806, 0.42500001192092896, 0.05000000074505806, 0.4750000238418579, 0.05000000074505806, 0.5250000357627869, 0.05000000074505806, 0.5750000476837158, 0.05000000074505806, 0.6250000596046448, 0.05000000074505806, 0.375, 0.10000000149011612, 0.42500001192092896, 0.10000000149011612, 0.4750000238418579, 0.10000000149011612, 0.5250000357627869, 0.10000000149011612, 0.5750000476837158, 0.10000000149011612, 0.6250000596046448, 0.10000000149011612, 0.375, 0.15000000596046448, 0.42500001192092896, 0.15000000596046448, 0.4750000238418579, 0.15000000596046448, 0.5250000357627869, 0.15000000596046448, 0.5750000476837158, 0.15000000596046448, 0.6250000596046448, 0.15000000596046448, 0.375, 0.20000000298023224, 0.42500001192092896, 0.20000000298023224, 0.4750000238418579, 0.20000000298023224, 0.5250000357627869, 0.20000000298023224, 0.5750000476837158, 0.20000000298023224, 0.6250000596046448, 0.20000000298023224, 0.375, 0.25, 0.42500001192092896, 0.25, 0.4750000238418579, 0.25, 0.5250000357627869, 0.25, 0.5750000476837158, 0.25, 0.6250000596046448, 0.25, 0.375, 0.5, 0.42500001192092896, 0.5, 0.4750000238418579, 0.5, 0.5250000357627869, 0.5, 0.5750000476837158, 0.5, 0.6250000596046448, 0.5, 0.375, 0.550000011920929, 0.42500001192092896, 0.550000011920929, 0.4750000238418579, 0.550000011920929, 0.5250000357627869, 0.550000011920929, 0.5750000476837158, 0.550000011920929, 0.6250000596046448, 0.550000011920929, 0.375, 0.6000000238418579, 0.42500001192092896, 0.6000000238418579, 0.4750000238418579, 0.6000000238418579, 0.5250000357627869, 0.6000000238418579, 0.5750000476837158, 0.6000000238418579, 0.6250000596046448, 0.6000000238418579, 0.375, 0.6500000357627869, 0.42500001192092896, 0.6500000357627869, 0.4750000238418579, 0.6500000357627869, 0.5250000357627869, 0.6500000357627869, 0.5750000476837158, 0.6500000357627869, 0.6250000596046448, 0.6500000357627869, 0.375, 0.7000000476837158, 0.42500001192092896, 0.7000000476837158, 0.4750000238418579, 0.7000000476837158, 0.5250000357627869, 0.7000000476837158, 0.5750000476837158, 0.7000000476837158, 0.6250000596046448, 0.7000000476837158, 0.375, 0.7500000596046448, 0.42500001192092896, 0.7500000596046448, 0.4750000238418579, 0.7500000596046448, 0.5250000357627869, 0.7500000596046448, 0.5750000476837158, 0.7500000596046448, 0.6250000596046448, 0.7500000596046448, 0.375, 1.0, 0.42500001192092896, 1.0, 0.4750000238418579, 1.0, 0.5250000357627869, 1.0, 0.5750000476837158, 1.0, 0.6250000596046448, 1.0, 0.875, 0.0, 0.875, 0.05000000074505806, 0.875, 0.10000000149011612, 0.875, 0.15000000596046448, 0.875, 0.20000000298023224, 0.875, 0.25, 0.125, 0.0, 0.125, 0.05000000074505806, 0.125, 0.10000000149011612, 0.125, 0.15000000596046448, 0.125, 0.20000000298023224, 0.125, 0.25],